Parameter,valid_observations,patients_with_valid_value,patient_coverage,min,p01,median,p99,max,sentinel_minus1_rows
ALP,9422,5087,0.42989943378686724,11.0,29.0,82.0,706.1599999999962,4695.0,1
ALT,9690,5201,0.43953350798614044,1.0,6.0,42.0,6217.750000000015,16920.0,0
AST,9692,5202,0.4396180174089411,4.0,11.0,62.0,8206.710000000003,36400.0,0
Albumin,7230,4858,0.41054677596552014,1.0,1.4,2.9,4.3,5.3,0
BUN,41683,11798,0.9970421702019775,1.0,4.0,20.0,115.18000000000029,209.0,2
Bilirubin,9782,5201,0.43953350798614044,0.1,0.2,0.9,30.71900000000005,59.4,6
Cholesterol,993,946,0.07994591396940759,28.0,68.0,153.0,297.0,362.0,0
Creatinine,41868,11798,0.9970421702019775,0.1,0.3,1.0,8.5,22.1,0
DiasABP,433838,8278,0.6995690019437167,20.0,35.0,58.0,96.0,196.0,2055
FiO2,94101,8025,0.6781881179751542,0.21,0.3,0.5,1.0,1.0,0
GCS,183613,11662,0.9855488887010901,3.0,3.0,13.0,15.0,15.0,0
Glucose,39294,11687,0.9876616242711063,10.0,59.0,127.0,378.0,1591.0,1
HCO3,40805,11774,0.9950139440547621,5.0,11.0,23.0,36.0,52.0,0
HCT,54896,11790,0.9963660948195724,5.0,20.0,30.2,44.3,61.8,0
HR,679274,11662,0.9855488887010901,20.0,51.0,86.0,138.0,245.0,66
K,43691,11732,0.9914645482971352,1.5,2.9,4.0,6.2,10.0,6
Lactate,24316,6565,0.5548043606862165,0.3,0.7,2.1,13.5,31.0,1
MAP,435557,8283,0.69999154905772,30.0,51.0,77.0,126.0,200.0,1122
MechVent,90584,7494,0.6333136144680132,1.0,1.0,1.0,1.0,1.0,0
Mg,40810,11689,0.9878306431167075,0.4,1.2,2.0,3.2,6.0,34
NIDiasABP,289792,10328,0.8728133186850334,20.0,28.0,57.0,99.0,190.0,1002
NIMAP,286290,10323,0.8723907715710302,30.0,46.67,75.33,119.3,199.0,202
NISysABP,290467,10333,0.8732358657990366,40.0,75.0,117.0,182.0,274.0,601
Na,40907,11769,0.9945913969407589,100.0,126.0,139.0,154.0,180.0,2
PaCO2,68480,8960,0.7572044282937548,10.0,23.0,39.0,74.0,100.0,5
PaO2,68313,8959,0.7571199188709541,20.0,52.0,122.0,447.0,500.0,9
Platelets,42591,11784,0.9958590382827686,5.0,29.0,172.0,556.0999999999985,1314.0,2
RespRate,162399,3266,0.27600777486689765,4.0,9.0,19.0,36.0,60.0,196
SaO2,23802,5328,0.45026620468182205,51.0,85.00999999999999,97.0,100.0,100.0,23
SysABP,434050,8278,0.6995690019437167,40.0,74.0,116.0,185.0,280.0,1973
Temp,256883,11662,0.9855488887010901,30.0,34.8,37.1,39.1,42.2,306
TroponinI,1170,562,0.04749429561396096,0.1,0.3,3.3,46.15499999999997,49.6,0
TroponinT,6243,2632,0.22242880081129046,0.01,0.01,0.18,14.396399999999995,29.91,0
Urine,406053,11540,0.9752387391194118,0.0,0.0,70.0,700.0,2000.0,411
WBC,38848,11769,0.9945913969407589,0.1,1.7,11.5,38.3,486.5,3
Weight,381675,10941,0.924617594861827,21.7,43.8,80.0,163.0,300.0,1276
pH,71609,9007,0.761176371165385,6.75,7.14,7.38,7.53,7.72,18
